Urn,AnalyticalClass,Label
urn:cite:morph:form.cv00000,conjverb,conjugated verb: 1st singular present indicative active
urn:cite:morph:form.cv00001,conjverb,conjugated verb: 1st singular present indicative middle
urn:cite:morph:form.cv00002,conjverb,conjugated verb: 1st singular present indicative passive
urn:cite:morph:form.cv00010,conjverb,conjugated verb: 1st singular present subjunctive active
urn:cite:morph:form.cv00011,conjverb,conjugated verb: 1st singular present subjunctive middle
urn:cite:morph:form.cv00012,conjverb,conjugated verb: 1st singular present subjunctive passive
urn:cite:morph:form.cv00020,conjverb,conjugated verb: 1st singular present optative active
urn:cite:morph:form.cv00021,conjverb,conjugated verb: 1st singular present optative middle
urn:cite:morph:form.cv00022,conjverb,conjugated verb: 1st singular present optative passive
urn:cite:morph:form.cv00030,conjverb,conjugated verb: 1st singular present imperative active
urn:cite:morph:form.cv00031,conjverb,conjugated verb: 1st singular present imperative middle
urn:cite:morph:form.cv00032,conjverb,conjugated verb: 1st singular present imperative passive
urn:cite:morph:form.cv00100,conjverb,conjugated verb: 1st singular imperfect indicative active
urn:cite:morph:form.cv00101,conjverb,conjugated verb: 1st singular imperfect indicative middle
urn:cite:morph:form.cv00102,conjverb,conjugated verb: 1st singular imperfect indicative passive
urn:cite:morph:form.cv00110,conjverb,conjugated verb: 1st singular imperfect subjunctive active
urn:cite:morph:form.cv00111,conjverb,conjugated verb: 1st singular imperfect subjunctive middle
urn:cite:morph:form.cv00112,conjverb,conjugated verb: 1st singular imperfect subjunctive passive
urn:cite:morph:form.cv00120,conjverb,conjugated verb: 1st singular imperfect optative active
urn:cite:morph:form.cv00121,conjverb,conjugated verb: 1st singular imperfect optative middle
urn:cite:morph:form.cv00122,conjverb,conjugated verb: 1st singular imperfect optative passive
urn:cite:morph:form.cv00130,conjverb,conjugated verb: 1st singular imperfect imperative active
urn:cite:morph:form.cv00131,conjverb,conjugated verb: 1st singular imperfect imperative middle
urn:cite:morph:form.cv00132,conjverb,conjugated verb: 1st singular imperfect imperative passive
urn:cite:morph:form.cv00200,conjverb,conjugated verb: 1st singular future indicative active
urn:cite:morph:form.cv00201,conjverb,conjugated verb: 1st singular future indicative middle
urn:cite:morph:form.cv00202,conjverb,conjugated verb: 1st singular future indicative passive
urn:cite:morph:form.cv00210,conjverb,conjugated verb: 1st singular future subjunctive active
urn:cite:morph:form.cv00211,conjverb,conjugated verb: 1st singular future subjunctive middle
urn:cite:morph:form.cv00212,conjverb,conjugated verb: 1st singular future subjunctive passive
urn:cite:morph:form.cv00220,conjverb,conjugated verb: 1st singular future optative active
urn:cite:morph:form.cv00221,conjverb,conjugated verb: 1st singular future optative middle
urn:cite:morph:form.cv00222,conjverb,conjugated verb: 1st singular future optative passive
urn:cite:morph:form.cv00230,conjverb,conjugated verb: 1st singular future imperative active
urn:cite:morph:form.cv00231,conjverb,conjugated verb: 1st singular future imperative middle
urn:cite:morph:form.cv00232,conjverb,conjugated verb: 1st singular future imperative passive
urn:cite:morph:form.cv00300,conjverb,conjugated verb: 1st singular aorist indicative active
urn:cite:morph:form.cv00301,conjverb,conjugated verb: 1st singular aorist indicative middle
urn:cite:morph:form.cv00302,conjverb,conjugated verb: 1st singular aorist indicative passive
urn:cite:morph:form.cv00310,conjverb,conjugated verb: 1st singular aorist subjunctive active
urn:cite:morph:form.cv00311,conjverb,conjugated verb: 1st singular aorist subjunctive middle
urn:cite:morph:form.cv00312,conjverb,conjugated verb: 1st singular aorist subjunctive passive
urn:cite:morph:form.cv00320,conjverb,conjugated verb: 1st singular aorist optative active
urn:cite:morph:form.cv00321,conjverb,conjugated verb: 1st singular aorist optative middle
urn:cite:morph:form.cv00322,conjverb,conjugated verb: 1st singular aorist optative passive
urn:cite:morph:form.cv00330,conjverb,conjugated verb: 1st singular aorist imperative active
urn:cite:morph:form.cv00331,conjverb,conjugated verb: 1st singular aorist imperative middle
urn:cite:morph:form.cv00332,conjverb,conjugated verb: 1st singular aorist imperative passive
urn:cite:morph:form.cv00400,conjverb,conjugated verb: 1st singular perfect indicative active
urn:cite:morph:form.cv00401,conjverb,conjugated verb: 1st singular perfect indicative middle
urn:cite:morph:form.cv00402,conjverb,conjugated verb: 1st singular perfect indicative passive
urn:cite:morph:form.cv00410,conjverb,conjugated verb: 1st singular perfect subjunctive active
urn:cite:morph:form.cv00411,conjverb,conjugated verb: 1st singular perfect subjunctive middle
urn:cite:morph:form.cv00412,conjverb,conjugated verb: 1st singular perfect subjunctive passive
urn:cite:morph:form.cv00420,conjverb,conjugated verb: 1st singular perfect optative active
urn:cite:morph:form.cv00421,conjverb,conjugated verb: 1st singular perfect optative middle
urn:cite:morph:form.cv00422,conjverb,conjugated verb: 1st singular perfect optative passive
urn:cite:morph:form.cv00430,conjverb,conjugated verb: 1st singular perfect imperative active
urn:cite:morph:form.cv00431,conjverb,conjugated verb: 1st singular perfect imperative middle
urn:cite:morph:form.cv00432,conjverb,conjugated verb: 1st singular perfect imperative passive
urn:cite:morph:form.cv00500,conjverb,conjugated verb: 1st singular pluperfect indicative active
urn:cite:morph:form.cv00501,conjverb,conjugated verb: 1st singular pluperfect indicative middle
urn:cite:morph:form.cv00502,conjverb,conjugated verb: 1st singular pluperfect indicative passive
urn:cite:morph:form.cv00510,conjverb,conjugated verb: 1st singular pluperfect subjunctive active
urn:cite:morph:form.cv00511,conjverb,conjugated verb: 1st singular pluperfect subjunctive middle
urn:cite:morph:form.cv00512,conjverb,conjugated verb: 1st singular pluperfect subjunctive passive
urn:cite:morph:form.cv00520,conjverb,conjugated verb: 1st singular pluperfect optative active
urn:cite:morph:form.cv00521,conjverb,conjugated verb: 1st singular pluperfect optative middle
urn:cite:morph:form.cv00522,conjverb,conjugated verb: 1st singular pluperfect optative passive
urn:cite:morph:form.cv00530,conjverb,conjugated verb: 1st singular pluperfect imperative active
urn:cite:morph:form.cv00531,conjverb,conjugated verb: 1st singular pluperfect imperative middle
urn:cite:morph:form.cv00532,conjverb,conjugated verb: 1st singular pluperfect imperative passive
urn:cite:morph:form.cv01000,conjverb,conjugated verb: 1st dual present indicative active
urn:cite:morph:form.cv01001,conjverb,conjugated verb: 1st dual present indicative middle
urn:cite:morph:form.cv01002,conjverb,conjugated verb: 1st dual present indicative passive
urn:cite:morph:form.cv01010,conjverb,conjugated verb: 1st dual present subjunctive active
urn:cite:morph:form.cv01011,conjverb,conjugated verb: 1st dual present subjunctive middle
urn:cite:morph:form.cv01012,conjverb,conjugated verb: 1st dual present subjunctive passive
urn:cite:morph:form.cv01020,conjverb,conjugated verb: 1st dual present optative active
urn:cite:morph:form.cv01021,conjverb,conjugated verb: 1st dual present optative middle
urn:cite:morph:form.cv01022,conjverb,conjugated verb: 1st dual present optative passive
urn:cite:morph:form.cv01030,conjverb,conjugated verb: 1st dual present imperative active
urn:cite:morph:form.cv01031,conjverb,conjugated verb: 1st dual present imperative middle
urn:cite:morph:form.cv01032,conjverb,conjugated verb: 1st dual present imperative passive
urn:cite:morph:form.cv01100,conjverb,conjugated verb: 1st dual imperfect indicative active
urn:cite:morph:form.cv01101,conjverb,conjugated verb: 1st dual imperfect indicative middle
urn:cite:morph:form.cv01102,conjverb,conjugated verb: 1st dual imperfect indicative passive
urn:cite:morph:form.cv01110,conjverb,conjugated verb: 1st dual imperfect subjunctive active
urn:cite:morph:form.cv01111,conjverb,conjugated verb: 1st dual imperfect subjunctive middle
urn:cite:morph:form.cv01112,conjverb,conjugated verb: 1st dual imperfect subjunctive passive
urn:cite:morph:form.cv01120,conjverb,conjugated verb: 1st dual imperfect optative active
urn:cite:morph:form.cv01121,conjverb,conjugated verb: 1st dual imperfect optative middle
urn:cite:morph:form.cv01122,conjverb,conjugated verb: 1st dual imperfect optative passive
urn:cite:morph:form.cv01130,conjverb,conjugated verb: 1st dual imperfect imperative active
urn:cite:morph:form.cv01131,conjverb,conjugated verb: 1st dual imperfect imperative middle
urn:cite:morph:form.cv01132,conjverb,conjugated verb: 1st dual imperfect imperative passive
urn:cite:morph:form.cv01200,conjverb,conjugated verb: 1st dual future indicative active
urn:cite:morph:form.cv01201,conjverb,conjugated verb: 1st dual future indicative middle
urn:cite:morph:form.cv01202,conjverb,conjugated verb: 1st dual future indicative passive
urn:cite:morph:form.cv01210,conjverb,conjugated verb: 1st dual future subjunctive active
urn:cite:morph:form.cv01211,conjverb,conjugated verb: 1st dual future subjunctive middle
urn:cite:morph:form.cv01212,conjverb,conjugated verb: 1st dual future subjunctive passive
urn:cite:morph:form.cv01220,conjverb,conjugated verb: 1st dual future optative active
urn:cite:morph:form.cv01221,conjverb,conjugated verb: 1st dual future optative middle
urn:cite:morph:form.cv01222,conjverb,conjugated verb: 1st dual future optative passive
urn:cite:morph:form.cv01230,conjverb,conjugated verb: 1st dual future imperative active
urn:cite:morph:form.cv01231,conjverb,conjugated verb: 1st dual future imperative middle
urn:cite:morph:form.cv01232,conjverb,conjugated verb: 1st dual future imperative passive
urn:cite:morph:form.cv01300,conjverb,conjugated verb: 1st dual aorist indicative active
urn:cite:morph:form.cv01301,conjverb,conjugated verb: 1st dual aorist indicative middle
urn:cite:morph:form.cv01302,conjverb,conjugated verb: 1st dual aorist indicative passive
urn:cite:morph:form.cv01310,conjverb,conjugated verb: 1st dual aorist subjunctive active
urn:cite:morph:form.cv01311,conjverb,conjugated verb: 1st dual aorist subjunctive middle
urn:cite:morph:form.cv01312,conjverb,conjugated verb: 1st dual aorist subjunctive passive
urn:cite:morph:form.cv01320,conjverb,conjugated verb: 1st dual aorist optative active
urn:cite:morph:form.cv01321,conjverb,conjugated verb: 1st dual aorist optative middle
urn:cite:morph:form.cv01322,conjverb,conjugated verb: 1st dual aorist optative passive
urn:cite:morph:form.cv01330,conjverb,conjugated verb: 1st dual aorist imperative active
urn:cite:morph:form.cv01331,conjverb,conjugated verb: 1st dual aorist imperative middle
urn:cite:morph:form.cv01332,conjverb,conjugated verb: 1st dual aorist imperative passive
urn:cite:morph:form.cv01400,conjverb,conjugated verb: 1st dual perfect indicative active
urn:cite:morph:form.cv01401,conjverb,conjugated verb: 1st dual perfect indicative middle
urn:cite:morph:form.cv01402,conjverb,conjugated verb: 1st dual perfect indicative passive
urn:cite:morph:form.cv01410,conjverb,conjugated verb: 1st dual perfect subjunctive active
urn:cite:morph:form.cv01411,conjverb,conjugated verb: 1st dual perfect subjunctive middle
urn:cite:morph:form.cv01412,conjverb,conjugated verb: 1st dual perfect subjunctive passive
urn:cite:morph:form.cv01420,conjverb,conjugated verb: 1st dual perfect optative active
urn:cite:morph:form.cv01421,conjverb,conjugated verb: 1st dual perfect optative middle
urn:cite:morph:form.cv01422,conjverb,conjugated verb: 1st dual perfect optative passive
urn:cite:morph:form.cv01430,conjverb,conjugated verb: 1st dual perfect imperative active
urn:cite:morph:form.cv01431,conjverb,conjugated verb: 1st dual perfect imperative middle
urn:cite:morph:form.cv01432,conjverb,conjugated verb: 1st dual perfect imperative passive
urn:cite:morph:form.cv01500,conjverb,conjugated verb: 1st dual pluperfect indicative active
urn:cite:morph:form.cv01501,conjverb,conjugated verb: 1st dual pluperfect indicative middle
urn:cite:morph:form.cv01502,conjverb,conjugated verb: 1st dual pluperfect indicative passive
urn:cite:morph:form.cv01510,conjverb,conjugated verb: 1st dual pluperfect subjunctive active
urn:cite:morph:form.cv01511,conjverb,conjugated verb: 1st dual pluperfect subjunctive middle
urn:cite:morph:form.cv01512,conjverb,conjugated verb: 1st dual pluperfect subjunctive passive
urn:cite:morph:form.cv01520,conjverb,conjugated verb: 1st dual pluperfect optative active
urn:cite:morph:form.cv01521,conjverb,conjugated verb: 1st dual pluperfect optative middle
urn:cite:morph:form.cv01522,conjverb,conjugated verb: 1st dual pluperfect optative passive
urn:cite:morph:form.cv01530,conjverb,conjugated verb: 1st dual pluperfect imperative active
urn:cite:morph:form.cv01531,conjverb,conjugated verb: 1st dual pluperfect imperative middle
urn:cite:morph:form.cv01532,conjverb,conjugated verb: 1st dual pluperfect imperative passive
urn:cite:morph:form.cv02000,conjverb,conjugated verb: 1st plural present indicative active
urn:cite:morph:form.cv02001,conjverb,conjugated verb: 1st plural present indicative middle
urn:cite:morph:form.cv02002,conjverb,conjugated verb: 1st plural present indicative passive
urn:cite:morph:form.cv02010,conjverb,conjugated verb: 1st plural present subjunctive active
urn:cite:morph:form.cv02011,conjverb,conjugated verb: 1st plural present subjunctive middle
urn:cite:morph:form.cv02012,conjverb,conjugated verb: 1st plural present subjunctive passive
urn:cite:morph:form.cv02020,conjverb,conjugated verb: 1st plural present optative active
urn:cite:morph:form.cv02021,conjverb,conjugated verb: 1st plural present optative middle
urn:cite:morph:form.cv02022,conjverb,conjugated verb: 1st plural present optative passive
urn:cite:morph:form.cv02030,conjverb,conjugated verb: 1st plural present imperative active
urn:cite:morph:form.cv02031,conjverb,conjugated verb: 1st plural present imperative middle
urn:cite:morph:form.cv02032,conjverb,conjugated verb: 1st plural present imperative passive
urn:cite:morph:form.cv02100,conjverb,conjugated verb: 1st plural imperfect indicative active
urn:cite:morph:form.cv02101,conjverb,conjugated verb: 1st plural imperfect indicative middle
urn:cite:morph:form.cv02102,conjverb,conjugated verb: 1st plural imperfect indicative passive
urn:cite:morph:form.cv02110,conjverb,conjugated verb: 1st plural imperfect subjunctive active
urn:cite:morph:form.cv02111,conjverb,conjugated verb: 1st plural imperfect subjunctive middle
urn:cite:morph:form.cv02112,conjverb,conjugated verb: 1st plural imperfect subjunctive passive
urn:cite:morph:form.cv02120,conjverb,conjugated verb: 1st plural imperfect optative active
urn:cite:morph:form.cv02121,conjverb,conjugated verb: 1st plural imperfect optative middle
urn:cite:morph:form.cv02122,conjverb,conjugated verb: 1st plural imperfect optative passive
urn:cite:morph:form.cv02130,conjverb,conjugated verb: 1st plural imperfect imperative active
urn:cite:morph:form.cv02131,conjverb,conjugated verb: 1st plural imperfect imperative middle
urn:cite:morph:form.cv02132,conjverb,conjugated verb: 1st plural imperfect imperative passive
urn:cite:morph:form.cv02200,conjverb,conjugated verb: 1st plural future indicative active
urn:cite:morph:form.cv02201,conjverb,conjugated verb: 1st plural future indicative middle
urn:cite:morph:form.cv02202,conjverb,conjugated verb: 1st plural future indicative passive
urn:cite:morph:form.cv02210,conjverb,conjugated verb: 1st plural future subjunctive active
urn:cite:morph:form.cv02211,conjverb,conjugated verb: 1st plural future subjunctive middle
urn:cite:morph:form.cv02212,conjverb,conjugated verb: 1st plural future subjunctive passive
urn:cite:morph:form.cv02220,conjverb,conjugated verb: 1st plural future optative active
urn:cite:morph:form.cv02221,conjverb,conjugated verb: 1st plural future optative middle
urn:cite:morph:form.cv02222,conjverb,conjugated verb: 1st plural future optative passive
urn:cite:morph:form.cv02230,conjverb,conjugated verb: 1st plural future imperative active
urn:cite:morph:form.cv02231,conjverb,conjugated verb: 1st plural future imperative middle
urn:cite:morph:form.cv02232,conjverb,conjugated verb: 1st plural future imperative passive
urn:cite:morph:form.cv02300,conjverb,conjugated verb: 1st plural aorist indicative active
urn:cite:morph:form.cv02301,conjverb,conjugated verb: 1st plural aorist indicative middle
urn:cite:morph:form.cv02302,conjverb,conjugated verb: 1st plural aorist indicative passive
urn:cite:morph:form.cv02310,conjverb,conjugated verb: 1st plural aorist subjunctive active
urn:cite:morph:form.cv02311,conjverb,conjugated verb: 1st plural aorist subjunctive middle
urn:cite:morph:form.cv02312,conjverb,conjugated verb: 1st plural aorist subjunctive passive
urn:cite:morph:form.cv02320,conjverb,conjugated verb: 1st plural aorist optative active
urn:cite:morph:form.cv02321,conjverb,conjugated verb: 1st plural aorist optative middle
urn:cite:morph:form.cv02322,conjverb,conjugated verb: 1st plural aorist optative passive
urn:cite:morph:form.cv02330,conjverb,conjugated verb: 1st plural aorist imperative active
urn:cite:morph:form.cv02331,conjverb,conjugated verb: 1st plural aorist imperative middle
urn:cite:morph:form.cv02332,conjverb,conjugated verb: 1st plural aorist imperative passive
urn:cite:morph:form.cv02400,conjverb,conjugated verb: 1st plural perfect indicative active
urn:cite:morph:form.cv02401,conjverb,conjugated verb: 1st plural perfect indicative middle
urn:cite:morph:form.cv02402,conjverb,conjugated verb: 1st plural perfect indicative passive
urn:cite:morph:form.cv02410,conjverb,conjugated verb: 1st plural perfect subjunctive active
urn:cite:morph:form.cv02411,conjverb,conjugated verb: 1st plural perfect subjunctive middle
urn:cite:morph:form.cv02412,conjverb,conjugated verb: 1st plural perfect subjunctive passive
urn:cite:morph:form.cv02420,conjverb,conjugated verb: 1st plural perfect optative active
urn:cite:morph:form.cv02421,conjverb,conjugated verb: 1st plural perfect optative middle
urn:cite:morph:form.cv02422,conjverb,conjugated verb: 1st plural perfect optative passive
urn:cite:morph:form.cv02430,conjverb,conjugated verb: 1st plural perfect imperative active
urn:cite:morph:form.cv02431,conjverb,conjugated verb: 1st plural perfect imperative middle
urn:cite:morph:form.cv02432,conjverb,conjugated verb: 1st plural perfect imperative passive
urn:cite:morph:form.cv02500,conjverb,conjugated verb: 1st plural pluperfect indicative active
urn:cite:morph:form.cv02501,conjverb,conjugated verb: 1st plural pluperfect indicative middle
urn:cite:morph:form.cv02502,conjverb,conjugated verb: 1st plural pluperfect indicative passive
urn:cite:morph:form.cv02510,conjverb,conjugated verb: 1st plural pluperfect subjunctive active
urn:cite:morph:form.cv02511,conjverb,conjugated verb: 1st plural pluperfect subjunctive middle
urn:cite:morph:form.cv02512,conjverb,conjugated verb: 1st plural pluperfect subjunctive passive
urn:cite:morph:form.cv02520,conjverb,conjugated verb: 1st plural pluperfect optative active
urn:cite:morph:form.cv02521,conjverb,conjugated verb: 1st plural pluperfect optative middle
urn:cite:morph:form.cv02522,conjverb,conjugated verb: 1st plural pluperfect optative passive
urn:cite:morph:form.cv02530,conjverb,conjugated verb: 1st plural pluperfect imperative active
urn:cite:morph:form.cv02531,conjverb,conjugated verb: 1st plural pluperfect imperative middle
urn:cite:morph:form.cv02532,conjverb,conjugated verb: 1st plural pluperfect imperative passive
urn:cite:morph:form.cv10000,conjverb,conjugated verb: 2nd singular present indicative active
urn:cite:morph:form.cv10001,conjverb,conjugated verb: 2nd singular present indicative middle
urn:cite:morph:form.cv10002,conjverb,conjugated verb: 2nd singular present indicative passive
urn:cite:morph:form.cv10010,conjverb,conjugated verb: 2nd singular present subjunctive active
urn:cite:morph:form.cv10011,conjverb,conjugated verb: 2nd singular present subjunctive middle
urn:cite:morph:form.cv10012,conjverb,conjugated verb: 2nd singular present subjunctive passive
urn:cite:morph:form.cv10020,conjverb,conjugated verb: 2nd singular present optative active
urn:cite:morph:form.cv10021,conjverb,conjugated verb: 2nd singular present optative middle
urn:cite:morph:form.cv10022,conjverb,conjugated verb: 2nd singular present optative passive
urn:cite:morph:form.cv10030,conjverb,conjugated verb: 2nd singular present imperative active
urn:cite:morph:form.cv10031,conjverb,conjugated verb: 2nd singular present imperative middle
urn:cite:morph:form.cv10032,conjverb,conjugated verb: 2nd singular present imperative passive
urn:cite:morph:form.cv10100,conjverb,conjugated verb: 2nd singular imperfect indicative active
urn:cite:morph:form.cv10101,conjverb,conjugated verb: 2nd singular imperfect indicative middle
urn:cite:morph:form.cv10102,conjverb,conjugated verb: 2nd singular imperfect indicative passive
urn:cite:morph:form.cv10110,conjverb,conjugated verb: 2nd singular imperfect subjunctive active
urn:cite:morph:form.cv10111,conjverb,conjugated verb: 2nd singular imperfect subjunctive middle
urn:cite:morph:form.cv10112,conjverb,conjugated verb: 2nd singular imperfect subjunctive passive
urn:cite:morph:form.cv10120,conjverb,conjugated verb: 2nd singular imperfect optative active
urn:cite:morph:form.cv10121,conjverb,conjugated verb: 2nd singular imperfect optative middle
urn:cite:morph:form.cv10122,conjverb,conjugated verb: 2nd singular imperfect optative passive
urn:cite:morph:form.cv10130,conjverb,conjugated verb: 2nd singular imperfect imperative active
urn:cite:morph:form.cv10131,conjverb,conjugated verb: 2nd singular imperfect imperative middle
urn:cite:morph:form.cv10132,conjverb,conjugated verb: 2nd singular imperfect imperative passive
urn:cite:morph:form.cv10200,conjverb,conjugated verb: 2nd singular future indicative active
urn:cite:morph:form.cv10201,conjverb,conjugated verb: 2nd singular future indicative middle
urn:cite:morph:form.cv10202,conjverb,conjugated verb: 2nd singular future indicative passive
urn:cite:morph:form.cv10210,conjverb,conjugated verb: 2nd singular future subjunctive active
urn:cite:morph:form.cv10211,conjverb,conjugated verb: 2nd singular future subjunctive middle
urn:cite:morph:form.cv10212,conjverb,conjugated verb: 2nd singular future subjunctive passive
urn:cite:morph:form.cv10220,conjverb,conjugated verb: 2nd singular future optative active
urn:cite:morph:form.cv10221,conjverb,conjugated verb: 2nd singular future optative middle
urn:cite:morph:form.cv10222,conjverb,conjugated verb: 2nd singular future optative passive
urn:cite:morph:form.cv10230,conjverb,conjugated verb: 2nd singular future imperative active
urn:cite:morph:form.cv10231,conjverb,conjugated verb: 2nd singular future imperative middle
urn:cite:morph:form.cv10232,conjverb,conjugated verb: 2nd singular future imperative passive
urn:cite:morph:form.cv10300,conjverb,conjugated verb: 2nd singular aorist indicative active
urn:cite:morph:form.cv10301,conjverb,conjugated verb: 2nd singular aorist indicative middle
urn:cite:morph:form.cv10302,conjverb,conjugated verb: 2nd singular aorist indicative passive
urn:cite:morph:form.cv10310,conjverb,conjugated verb: 2nd singular aorist subjunctive active
urn:cite:morph:form.cv10311,conjverb,conjugated verb: 2nd singular aorist subjunctive middle
urn:cite:morph:form.cv10312,conjverb,conjugated verb: 2nd singular aorist subjunctive passive
urn:cite:morph:form.cv10320,conjverb,conjugated verb: 2nd singular aorist optative active
urn:cite:morph:form.cv10321,conjverb,conjugated verb: 2nd singular aorist optative middle
urn:cite:morph:form.cv10322,conjverb,conjugated verb: 2nd singular aorist optative passive
urn:cite:morph:form.cv10330,conjverb,conjugated verb: 2nd singular aorist imperative active
urn:cite:morph:form.cv10331,conjverb,conjugated verb: 2nd singular aorist imperative middle
urn:cite:morph:form.cv10332,conjverb,conjugated verb: 2nd singular aorist imperative passive
urn:cite:morph:form.cv10400,conjverb,conjugated verb: 2nd singular perfect indicative active
urn:cite:morph:form.cv10401,conjverb,conjugated verb: 2nd singular perfect indicative middle
urn:cite:morph:form.cv10402,conjverb,conjugated verb: 2nd singular perfect indicative passive
urn:cite:morph:form.cv10410,conjverb,conjugated verb: 2nd singular perfect subjunctive active
urn:cite:morph:form.cv10411,conjverb,conjugated verb: 2nd singular perfect subjunctive middle
urn:cite:morph:form.cv10412,conjverb,conjugated verb: 2nd singular perfect subjunctive passive
urn:cite:morph:form.cv10420,conjverb,conjugated verb: 2nd singular perfect optative active
urn:cite:morph:form.cv10421,conjverb,conjugated verb: 2nd singular perfect optative middle
urn:cite:morph:form.cv10422,conjverb,conjugated verb: 2nd singular perfect optative passive
urn:cite:morph:form.cv10430,conjverb,conjugated verb: 2nd singular perfect imperative active
urn:cite:morph:form.cv10431,conjverb,conjugated verb: 2nd singular perfect imperative middle
urn:cite:morph:form.cv10432,conjverb,conjugated verb: 2nd singular perfect imperative passive
urn:cite:morph:form.cv10500,conjverb,conjugated verb: 2nd singular pluperfect indicative active
urn:cite:morph:form.cv10501,conjverb,conjugated verb: 2nd singular pluperfect indicative middle
urn:cite:morph:form.cv10502,conjverb,conjugated verb: 2nd singular pluperfect indicative passive
urn:cite:morph:form.cv10510,conjverb,conjugated verb: 2nd singular pluperfect subjunctive active
urn:cite:morph:form.cv10511,conjverb,conjugated verb: 2nd singular pluperfect subjunctive middle
urn:cite:morph:form.cv10512,conjverb,conjugated verb: 2nd singular pluperfect subjunctive passive
urn:cite:morph:form.cv10520,conjverb,conjugated verb: 2nd singular pluperfect optative active
urn:cite:morph:form.cv10521,conjverb,conjugated verb: 2nd singular pluperfect optative middle
urn:cite:morph:form.cv10522,conjverb,conjugated verb: 2nd singular pluperfect optative passive
urn:cite:morph:form.cv10530,conjverb,conjugated verb: 2nd singular pluperfect imperative active
urn:cite:morph:form.cv10531,conjverb,conjugated verb: 2nd singular pluperfect imperative middle
urn:cite:morph:form.cv10532,conjverb,conjugated verb: 2nd singular pluperfect imperative passive
urn:cite:morph:form.cv11000,conjverb,conjugated verb: 2nd dual present indicative active
urn:cite:morph:form.cv11001,conjverb,conjugated verb: 2nd dual present indicative middle
urn:cite:morph:form.cv11002,conjverb,conjugated verb: 2nd dual present indicative passive
urn:cite:morph:form.cv11010,conjverb,conjugated verb: 2nd dual present subjunctive active
urn:cite:morph:form.cv11011,conjverb,conjugated verb: 2nd dual present subjunctive middle
urn:cite:morph:form.cv11012,conjverb,conjugated verb: 2nd dual present subjunctive passive
urn:cite:morph:form.cv11020,conjverb,conjugated verb: 2nd dual present optative active
urn:cite:morph:form.cv11021,conjverb,conjugated verb: 2nd dual present optative middle
urn:cite:morph:form.cv11022,conjverb,conjugated verb: 2nd dual present optative passive
urn:cite:morph:form.cv11030,conjverb,conjugated verb: 2nd dual present imperative active
urn:cite:morph:form.cv11031,conjverb,conjugated verb: 2nd dual present imperative middle
urn:cite:morph:form.cv11032,conjverb,conjugated verb: 2nd dual present imperative passive
urn:cite:morph:form.cv11100,conjverb,conjugated verb: 2nd dual imperfect indicative active
urn:cite:morph:form.cv11101,conjverb,conjugated verb: 2nd dual imperfect indicative middle
urn:cite:morph:form.cv11102,conjverb,conjugated verb: 2nd dual imperfect indicative passive
urn:cite:morph:form.cv11110,conjverb,conjugated verb: 2nd dual imperfect subjunctive active
urn:cite:morph:form.cv11111,conjverb,conjugated verb: 2nd dual imperfect subjunctive middle
urn:cite:morph:form.cv11112,conjverb,conjugated verb: 2nd dual imperfect subjunctive passive
urn:cite:morph:form.cv11120,conjverb,conjugated verb: 2nd dual imperfect optative active
urn:cite:morph:form.cv11121,conjverb,conjugated verb: 2nd dual imperfect optative middle
urn:cite:morph:form.cv11122,conjverb,conjugated verb: 2nd dual imperfect optative passive
urn:cite:morph:form.cv11130,conjverb,conjugated verb: 2nd dual imperfect imperative active
urn:cite:morph:form.cv11131,conjverb,conjugated verb: 2nd dual imperfect imperative middle
urn:cite:morph:form.cv11132,conjverb,conjugated verb: 2nd dual imperfect imperative passive
urn:cite:morph:form.cv11200,conjverb,conjugated verb: 2nd dual future indicative active
urn:cite:morph:form.cv11201,conjverb,conjugated verb: 2nd dual future indicative middle
urn:cite:morph:form.cv11202,conjverb,conjugated verb: 2nd dual future indicative passive
urn:cite:morph:form.cv11210,conjverb,conjugated verb: 2nd dual future subjunctive active
urn:cite:morph:form.cv11211,conjverb,conjugated verb: 2nd dual future subjunctive middle
urn:cite:morph:form.cv11212,conjverb,conjugated verb: 2nd dual future subjunctive passive
urn:cite:morph:form.cv11220,conjverb,conjugated verb: 2nd dual future optative active
urn:cite:morph:form.cv11221,conjverb,conjugated verb: 2nd dual future optative middle
urn:cite:morph:form.cv11222,conjverb,conjugated verb: 2nd dual future optative passive
urn:cite:morph:form.cv11230,conjverb,conjugated verb: 2nd dual future imperative active
urn:cite:morph:form.cv11231,conjverb,conjugated verb: 2nd dual future imperative middle
urn:cite:morph:form.cv11232,conjverb,conjugated verb: 2nd dual future imperative passive
urn:cite:morph:form.cv11300,conjverb,conjugated verb: 2nd dual aorist indicative active
urn:cite:morph:form.cv11301,conjverb,conjugated verb: 2nd dual aorist indicative middle
urn:cite:morph:form.cv11302,conjverb,conjugated verb: 2nd dual aorist indicative passive
urn:cite:morph:form.cv11310,conjverb,conjugated verb: 2nd dual aorist subjunctive active
urn:cite:morph:form.cv11311,conjverb,conjugated verb: 2nd dual aorist subjunctive middle
urn:cite:morph:form.cv11312,conjverb,conjugated verb: 2nd dual aorist subjunctive passive
urn:cite:morph:form.cv11320,conjverb,conjugated verb: 2nd dual aorist optative active
urn:cite:morph:form.cv11321,conjverb,conjugated verb: 2nd dual aorist optative middle
urn:cite:morph:form.cv11322,conjverb,conjugated verb: 2nd dual aorist optative passive
urn:cite:morph:form.cv11330,conjverb,conjugated verb: 2nd dual aorist imperative active
urn:cite:morph:form.cv11331,conjverb,conjugated verb: 2nd dual aorist imperative middle
urn:cite:morph:form.cv11332,conjverb,conjugated verb: 2nd dual aorist imperative passive
urn:cite:morph:form.cv11400,conjverb,conjugated verb: 2nd dual perfect indicative active
urn:cite:morph:form.cv11401,conjverb,conjugated verb: 2nd dual perfect indicative middle
urn:cite:morph:form.cv11402,conjverb,conjugated verb: 2nd dual perfect indicative passive
urn:cite:morph:form.cv11410,conjverb,conjugated verb: 2nd dual perfect subjunctive active
urn:cite:morph:form.cv11411,conjverb,conjugated verb: 2nd dual perfect subjunctive middle
urn:cite:morph:form.cv11412,conjverb,conjugated verb: 2nd dual perfect subjunctive passive
urn:cite:morph:form.cv11420,conjverb,conjugated verb: 2nd dual perfect optative active
urn:cite:morph:form.cv11421,conjverb,conjugated verb: 2nd dual perfect optative middle
urn:cite:morph:form.cv11422,conjverb,conjugated verb: 2nd dual perfect optative passive
urn:cite:morph:form.cv11430,conjverb,conjugated verb: 2nd dual perfect imperative active
urn:cite:morph:form.cv11431,conjverb,conjugated verb: 2nd dual perfect imperative middle
urn:cite:morph:form.cv11432,conjverb,conjugated verb: 2nd dual perfect imperative passive
urn:cite:morph:form.cv11500,conjverb,conjugated verb: 2nd dual pluperfect indicative active
urn:cite:morph:form.cv11501,conjverb,conjugated verb: 2nd dual pluperfect indicative middle
urn:cite:morph:form.cv11502,conjverb,conjugated verb: 2nd dual pluperfect indicative passive
urn:cite:morph:form.cv11510,conjverb,conjugated verb: 2nd dual pluperfect subjunctive active
urn:cite:morph:form.cv11511,conjverb,conjugated verb: 2nd dual pluperfect subjunctive middle
urn:cite:morph:form.cv11512,conjverb,conjugated verb: 2nd dual pluperfect subjunctive passive
urn:cite:morph:form.cv11520,conjverb,conjugated verb: 2nd dual pluperfect optative active
urn:cite:morph:form.cv11521,conjverb,conjugated verb: 2nd dual pluperfect optative middle
urn:cite:morph:form.cv11522,conjverb,conjugated verb: 2nd dual pluperfect optative passive
urn:cite:morph:form.cv11530,conjverb,conjugated verb: 2nd dual pluperfect imperative active
urn:cite:morph:form.cv11531,conjverb,conjugated verb: 2nd dual pluperfect imperative middle
urn:cite:morph:form.cv11532,conjverb,conjugated verb: 2nd dual pluperfect imperative passive
urn:cite:morph:form.cv12000,conjverb,conjugated verb: 2nd plural present indicative active
urn:cite:morph:form.cv12001,conjverb,conjugated verb: 2nd plural present indicative middle
urn:cite:morph:form.cv12002,conjverb,conjugated verb: 2nd plural present indicative passive
urn:cite:morph:form.cv12010,conjverb,conjugated verb: 2nd plural present subjunctive active
urn:cite:morph:form.cv12011,conjverb,conjugated verb: 2nd plural present subjunctive middle
urn:cite:morph:form.cv12012,conjverb,conjugated verb: 2nd plural present subjunctive passive
urn:cite:morph:form.cv12020,conjverb,conjugated verb: 2nd plural present optative active
urn:cite:morph:form.cv12021,conjverb,conjugated verb: 2nd plural present optative middle
urn:cite:morph:form.cv12022,conjverb,conjugated verb: 2nd plural present optative passive
urn:cite:morph:form.cv12030,conjverb,conjugated verb: 2nd plural present imperative active
urn:cite:morph:form.cv12031,conjverb,conjugated verb: 2nd plural present imperative middle
urn:cite:morph:form.cv12032,conjverb,conjugated verb: 2nd plural present imperative passive
urn:cite:morph:form.cv12100,conjverb,conjugated verb: 2nd plural imperfect indicative active
urn:cite:morph:form.cv12101,conjverb,conjugated verb: 2nd plural imperfect indicative middle
urn:cite:morph:form.cv12102,conjverb,conjugated verb: 2nd plural imperfect indicative passive
urn:cite:morph:form.cv12110,conjverb,conjugated verb: 2nd plural imperfect subjunctive active
urn:cite:morph:form.cv12111,conjverb,conjugated verb: 2nd plural imperfect subjunctive middle
urn:cite:morph:form.cv12112,conjverb,conjugated verb: 2nd plural imperfect subjunctive passive
urn:cite:morph:form.cv12120,conjverb,conjugated verb: 2nd plural imperfect optative active
urn:cite:morph:form.cv12121,conjverb,conjugated verb: 2nd plural imperfect optative middle
urn:cite:morph:form.cv12122,conjverb,conjugated verb: 2nd plural imperfect optative passive
urn:cite:morph:form.cv12130,conjverb,conjugated verb: 2nd plural imperfect imperative active
urn:cite:morph:form.cv12131,conjverb,conjugated verb: 2nd plural imperfect imperative middle
urn:cite:morph:form.cv12132,conjverb,conjugated verb: 2nd plural imperfect imperative passive
urn:cite:morph:form.cv12200,conjverb,conjugated verb: 2nd plural future indicative active
urn:cite:morph:form.cv12201,conjverb,conjugated verb: 2nd plural future indicative middle
urn:cite:morph:form.cv12202,conjverb,conjugated verb: 2nd plural future indicative passive
urn:cite:morph:form.cv12210,conjverb,conjugated verb: 2nd plural future subjunctive active
urn:cite:morph:form.cv12211,conjverb,conjugated verb: 2nd plural future subjunctive middle
urn:cite:morph:form.cv12212,conjverb,conjugated verb: 2nd plural future subjunctive passive
urn:cite:morph:form.cv12220,conjverb,conjugated verb: 2nd plural future optative active
urn:cite:morph:form.cv12221,conjverb,conjugated verb: 2nd plural future optative middle
urn:cite:morph:form.cv12222,conjverb,conjugated verb: 2nd plural future optative passive
urn:cite:morph:form.cv12230,conjverb,conjugated verb: 2nd plural future imperative active
urn:cite:morph:form.cv12231,conjverb,conjugated verb: 2nd plural future imperative middle
urn:cite:morph:form.cv12232,conjverb,conjugated verb: 2nd plural future imperative passive
urn:cite:morph:form.cv12300,conjverb,conjugated verb: 2nd plural aorist indicative active
urn:cite:morph:form.cv12301,conjverb,conjugated verb: 2nd plural aorist indicative middle
urn:cite:morph:form.cv12302,conjverb,conjugated verb: 2nd plural aorist indicative passive
urn:cite:morph:form.cv12310,conjverb,conjugated verb: 2nd plural aorist subjunctive active
urn:cite:morph:form.cv12311,conjverb,conjugated verb: 2nd plural aorist subjunctive middle
urn:cite:morph:form.cv12312,conjverb,conjugated verb: 2nd plural aorist subjunctive passive
urn:cite:morph:form.cv12320,conjverb,conjugated verb: 2nd plural aorist optative active
urn:cite:morph:form.cv12321,conjverb,conjugated verb: 2nd plural aorist optative middle
urn:cite:morph:form.cv12322,conjverb,conjugated verb: 2nd plural aorist optative passive
urn:cite:morph:form.cv12330,conjverb,conjugated verb: 2nd plural aorist imperative active
urn:cite:morph:form.cv12331,conjverb,conjugated verb: 2nd plural aorist imperative middle
urn:cite:morph:form.cv12332,conjverb,conjugated verb: 2nd plural aorist imperative passive
urn:cite:morph:form.cv12400,conjverb,conjugated verb: 2nd plural perfect indicative active
urn:cite:morph:form.cv12401,conjverb,conjugated verb: 2nd plural perfect indicative middle
urn:cite:morph:form.cv12402,conjverb,conjugated verb: 2nd plural perfect indicative passive
urn:cite:morph:form.cv12410,conjverb,conjugated verb: 2nd plural perfect subjunctive active
urn:cite:morph:form.cv12411,conjverb,conjugated verb: 2nd plural perfect subjunctive middle
urn:cite:morph:form.cv12412,conjverb,conjugated verb: 2nd plural perfect subjunctive passive
urn:cite:morph:form.cv12420,conjverb,conjugated verb: 2nd plural perfect optative active
urn:cite:morph:form.cv12421,conjverb,conjugated verb: 2nd plural perfect optative middle
urn:cite:morph:form.cv12422,conjverb,conjugated verb: 2nd plural perfect optative passive
urn:cite:morph:form.cv12430,conjverb,conjugated verb: 2nd plural perfect imperative active
urn:cite:morph:form.cv12431,conjverb,conjugated verb: 2nd plural perfect imperative middle
urn:cite:morph:form.cv12432,conjverb,conjugated verb: 2nd plural perfect imperative passive
urn:cite:morph:form.cv12500,conjverb,conjugated verb: 2nd plural pluperfect indicative active
urn:cite:morph:form.cv12501,conjverb,conjugated verb: 2nd plural pluperfect indicative middle
urn:cite:morph:form.cv12502,conjverb,conjugated verb: 2nd plural pluperfect indicative passive
urn:cite:morph:form.cv12510,conjverb,conjugated verb: 2nd plural pluperfect subjunctive active
urn:cite:morph:form.cv12511,conjverb,conjugated verb: 2nd plural pluperfect subjunctive middle
urn:cite:morph:form.cv12512,conjverb,conjugated verb: 2nd plural pluperfect subjunctive passive
urn:cite:morph:form.cv12520,conjverb,conjugated verb: 2nd plural pluperfect optative active
urn:cite:morph:form.cv12521,conjverb,conjugated verb: 2nd plural pluperfect optative middle
urn:cite:morph:form.cv12522,conjverb,conjugated verb: 2nd plural pluperfect optative passive
urn:cite:morph:form.cv12530,conjverb,conjugated verb: 2nd plural pluperfect imperative active
urn:cite:morph:form.cv12531,conjverb,conjugated verb: 2nd plural pluperfect imperative middle
urn:cite:morph:form.cv12532,conjverb,conjugated verb: 2nd plural pluperfect imperative passive
urn:cite:morph:form.cv20000,conjverb,conjugated verb: 3rd singular present indicative active
urn:cite:morph:form.cv20001,conjverb,conjugated verb: 3rd singular present indicative middle
urn:cite:morph:form.cv20002,conjverb,conjugated verb: 3rd singular present indicative passive
urn:cite:morph:form.cv20010,conjverb,conjugated verb: 3rd singular present subjunctive active
urn:cite:morph:form.cv20011,conjverb,conjugated verb: 3rd singular present subjunctive middle
urn:cite:morph:form.cv20012,conjverb,conjugated verb: 3rd singular present subjunctive passive
urn:cite:morph:form.cv20020,conjverb,conjugated verb: 3rd singular present optative active
urn:cite:morph:form.cv20021,conjverb,conjugated verb: 3rd singular present optative middle
urn:cite:morph:form.cv20022,conjverb,conjugated verb: 3rd singular present optative passive
urn:cite:morph:form.cv20030,conjverb,conjugated verb: 3rd singular present imperative active
urn:cite:morph:form.cv20031,conjverb,conjugated verb: 3rd singular present imperative middle
urn:cite:morph:form.cv20032,conjverb,conjugated verb: 3rd singular present imperative passive
urn:cite:morph:form.cv20100,conjverb,conjugated verb: 3rd singular imperfect indicative active
urn:cite:morph:form.cv20101,conjverb,conjugated verb: 3rd singular imperfect indicative middle
urn:cite:morph:form.cv20102,conjverb,conjugated verb: 3rd singular imperfect indicative passive
urn:cite:morph:form.cv20110,conjverb,conjugated verb: 3rd singular imperfect subjunctive active
urn:cite:morph:form.cv20111,conjverb,conjugated verb: 3rd singular imperfect subjunctive middle
urn:cite:morph:form.cv20112,conjverb,conjugated verb: 3rd singular imperfect subjunctive passive
urn:cite:morph:form.cv20120,conjverb,conjugated verb: 3rd singular imperfect optative active
urn:cite:morph:form.cv20121,conjverb,conjugated verb: 3rd singular imperfect optative middle
urn:cite:morph:form.cv20122,conjverb,conjugated verb: 3rd singular imperfect optative passive
urn:cite:morph:form.cv20130,conjverb,conjugated verb: 3rd singular imperfect imperative active
urn:cite:morph:form.cv20131,conjverb,conjugated verb: 3rd singular imperfect imperative middle
urn:cite:morph:form.cv20132,conjverb,conjugated verb: 3rd singular imperfect imperative passive
urn:cite:morph:form.cv20200,conjverb,conjugated verb: 3rd singular future indicative active
urn:cite:morph:form.cv20201,conjverb,conjugated verb: 3rd singular future indicative middle
urn:cite:morph:form.cv20202,conjverb,conjugated verb: 3rd singular future indicative passive
urn:cite:morph:form.cv20210,conjverb,conjugated verb: 3rd singular future subjunctive active
urn:cite:morph:form.cv20211,conjverb,conjugated verb: 3rd singular future subjunctive middle
urn:cite:morph:form.cv20212,conjverb,conjugated verb: 3rd singular future subjunctive passive
urn:cite:morph:form.cv20220,conjverb,conjugated verb: 3rd singular future optative active
urn:cite:morph:form.cv20221,conjverb,conjugated verb: 3rd singular future optative middle
urn:cite:morph:form.cv20222,conjverb,conjugated verb: 3rd singular future optative passive
urn:cite:morph:form.cv20230,conjverb,conjugated verb: 3rd singular future imperative active
urn:cite:morph:form.cv20231,conjverb,conjugated verb: 3rd singular future imperative middle
urn:cite:morph:form.cv20232,conjverb,conjugated verb: 3rd singular future imperative passive
urn:cite:morph:form.cv20300,conjverb,conjugated verb: 3rd singular aorist indicative active
urn:cite:morph:form.cv20301,conjverb,conjugated verb: 3rd singular aorist indicative middle
urn:cite:morph:form.cv20302,conjverb,conjugated verb: 3rd singular aorist indicative passive
urn:cite:morph:form.cv20310,conjverb,conjugated verb: 3rd singular aorist subjunctive active
urn:cite:morph:form.cv20311,conjverb,conjugated verb: 3rd singular aorist subjunctive middle
urn:cite:morph:form.cv20312,conjverb,conjugated verb: 3rd singular aorist subjunctive passive
urn:cite:morph:form.cv20320,conjverb,conjugated verb: 3rd singular aorist optative active
urn:cite:morph:form.cv20321,conjverb,conjugated verb: 3rd singular aorist optative middle
urn:cite:morph:form.cv20322,conjverb,conjugated verb: 3rd singular aorist optative passive
urn:cite:morph:form.cv20330,conjverb,conjugated verb: 3rd singular aorist imperative active
urn:cite:morph:form.cv20331,conjverb,conjugated verb: 3rd singular aorist imperative middle
urn:cite:morph:form.cv20332,conjverb,conjugated verb: 3rd singular aorist imperative passive
urn:cite:morph:form.cv20400,conjverb,conjugated verb: 3rd singular perfect indicative active
urn:cite:morph:form.cv20401,conjverb,conjugated verb: 3rd singular perfect indicative middle
urn:cite:morph:form.cv20402,conjverb,conjugated verb: 3rd singular perfect indicative passive
urn:cite:morph:form.cv20410,conjverb,conjugated verb: 3rd singular perfect subjunctive active
urn:cite:morph:form.cv20411,conjverb,conjugated verb: 3rd singular perfect subjunctive middle
urn:cite:morph:form.cv20412,conjverb,conjugated verb: 3rd singular perfect subjunctive passive
urn:cite:morph:form.cv20420,conjverb,conjugated verb: 3rd singular perfect optative active
urn:cite:morph:form.cv20421,conjverb,conjugated verb: 3rd singular perfect optative middle
urn:cite:morph:form.cv20422,conjverb,conjugated verb: 3rd singular perfect optative passive
urn:cite:morph:form.cv20430,conjverb,conjugated verb: 3rd singular perfect imperative active
urn:cite:morph:form.cv20431,conjverb,conjugated verb: 3rd singular perfect imperative middle
urn:cite:morph:form.cv20432,conjverb,conjugated verb: 3rd singular perfect imperative passive
urn:cite:morph:form.cv20500,conjverb,conjugated verb: 3rd singular pluperfect indicative active
urn:cite:morph:form.cv20501,conjverb,conjugated verb: 3rd singular pluperfect indicative middle
urn:cite:morph:form.cv20502,conjverb,conjugated verb: 3rd singular pluperfect indicative passive
urn:cite:morph:form.cv20510,conjverb,conjugated verb: 3rd singular pluperfect subjunctive active
urn:cite:morph:form.cv20511,conjverb,conjugated verb: 3rd singular pluperfect subjunctive middle
urn:cite:morph:form.cv20512,conjverb,conjugated verb: 3rd singular pluperfect subjunctive passive
urn:cite:morph:form.cv20520,conjverb,conjugated verb: 3rd singular pluperfect optative active
urn:cite:morph:form.cv20521,conjverb,conjugated verb: 3rd singular pluperfect optative middle
urn:cite:morph:form.cv20522,conjverb,conjugated verb: 3rd singular pluperfect optative passive
urn:cite:morph:form.cv20530,conjverb,conjugated verb: 3rd singular pluperfect imperative active
urn:cite:morph:form.cv20531,conjverb,conjugated verb: 3rd singular pluperfect imperative middle
urn:cite:morph:form.cv20532,conjverb,conjugated verb: 3rd singular pluperfect imperative passive
urn:cite:morph:form.cv21000,conjverb,conjugated verb: 3rd dual present indicative active
urn:cite:morph:form.cv21001,conjverb,conjugated verb: 3rd dual present indicative middle
urn:cite:morph:form.cv21002,conjverb,conjugated verb: 3rd dual present indicative passive
urn:cite:morph:form.cv21010,conjverb,conjugated verb: 3rd dual present subjunctive active
urn:cite:morph:form.cv21011,conjverb,conjugated verb: 3rd dual present subjunctive middle
urn:cite:morph:form.cv21012,conjverb,conjugated verb: 3rd dual present subjunctive passive
urn:cite:morph:form.cv21020,conjverb,conjugated verb: 3rd dual present optative active
urn:cite:morph:form.cv21021,conjverb,conjugated verb: 3rd dual present optative middle
urn:cite:morph:form.cv21022,conjverb,conjugated verb: 3rd dual present optative passive
urn:cite:morph:form.cv21030,conjverb,conjugated verb: 3rd dual present imperative active
urn:cite:morph:form.cv21031,conjverb,conjugated verb: 3rd dual present imperative middle
urn:cite:morph:form.cv21032,conjverb,conjugated verb: 3rd dual present imperative passive
urn:cite:morph:form.cv21100,conjverb,conjugated verb: 3rd dual imperfect indicative active
urn:cite:morph:form.cv21101,conjverb,conjugated verb: 3rd dual imperfect indicative middle
urn:cite:morph:form.cv21102,conjverb,conjugated verb: 3rd dual imperfect indicative passive
urn:cite:morph:form.cv21110,conjverb,conjugated verb: 3rd dual imperfect subjunctive active
urn:cite:morph:form.cv21111,conjverb,conjugated verb: 3rd dual imperfect subjunctive middle
urn:cite:morph:form.cv21112,conjverb,conjugated verb: 3rd dual imperfect subjunctive passive
urn:cite:morph:form.cv21120,conjverb,conjugated verb: 3rd dual imperfect optative active
urn:cite:morph:form.cv21121,conjverb,conjugated verb: 3rd dual imperfect optative middle
urn:cite:morph:form.cv21122,conjverb,conjugated verb: 3rd dual imperfect optative passive
urn:cite:morph:form.cv21130,conjverb,conjugated verb: 3rd dual imperfect imperative active
urn:cite:morph:form.cv21131,conjverb,conjugated verb: 3rd dual imperfect imperative middle
urn:cite:morph:form.cv21132,conjverb,conjugated verb: 3rd dual imperfect imperative passive
urn:cite:morph:form.cv21200,conjverb,conjugated verb: 3rd dual future indicative active
urn:cite:morph:form.cv21201,conjverb,conjugated verb: 3rd dual future indicative middle
urn:cite:morph:form.cv21202,conjverb,conjugated verb: 3rd dual future indicative passive
urn:cite:morph:form.cv21210,conjverb,conjugated verb: 3rd dual future subjunctive active
urn:cite:morph:form.cv21211,conjverb,conjugated verb: 3rd dual future subjunctive middle
urn:cite:morph:form.cv21212,conjverb,conjugated verb: 3rd dual future subjunctive passive
urn:cite:morph:form.cv21220,conjverb,conjugated verb: 3rd dual future optative active
urn:cite:morph:form.cv21221,conjverb,conjugated verb: 3rd dual future optative middle
urn:cite:morph:form.cv21222,conjverb,conjugated verb: 3rd dual future optative passive
urn:cite:morph:form.cv21230,conjverb,conjugated verb: 3rd dual future imperative active
urn:cite:morph:form.cv21231,conjverb,conjugated verb: 3rd dual future imperative middle
urn:cite:morph:form.cv21232,conjverb,conjugated verb: 3rd dual future imperative passive
urn:cite:morph:form.cv21300,conjverb,conjugated verb: 3rd dual aorist indicative active
urn:cite:morph:form.cv21301,conjverb,conjugated verb: 3rd dual aorist indicative middle
urn:cite:morph:form.cv21302,conjverb,conjugated verb: 3rd dual aorist indicative passive
urn:cite:morph:form.cv21310,conjverb,conjugated verb: 3rd dual aorist subjunctive active
urn:cite:morph:form.cv21311,conjverb,conjugated verb: 3rd dual aorist subjunctive middle
urn:cite:morph:form.cv21312,conjverb,conjugated verb: 3rd dual aorist subjunctive passive
urn:cite:morph:form.cv21320,conjverb,conjugated verb: 3rd dual aorist optative active
urn:cite:morph:form.cv21321,conjverb,conjugated verb: 3rd dual aorist optative middle
urn:cite:morph:form.cv21322,conjverb,conjugated verb: 3rd dual aorist optative passive
urn:cite:morph:form.cv21330,conjverb,conjugated verb: 3rd dual aorist imperative active
urn:cite:morph:form.cv21331,conjverb,conjugated verb: 3rd dual aorist imperative middle
urn:cite:morph:form.cv21332,conjverb,conjugated verb: 3rd dual aorist imperative passive
urn:cite:morph:form.cv21400,conjverb,conjugated verb: 3rd dual perfect indicative active
urn:cite:morph:form.cv21401,conjverb,conjugated verb: 3rd dual perfect indicative middle
urn:cite:morph:form.cv21402,conjverb,conjugated verb: 3rd dual perfect indicative passive
urn:cite:morph:form.cv21410,conjverb,conjugated verb: 3rd dual perfect subjunctive active
urn:cite:morph:form.cv21411,conjverb,conjugated verb: 3rd dual perfect subjunctive middle
urn:cite:morph:form.cv21412,conjverb,conjugated verb: 3rd dual perfect subjunctive passive
urn:cite:morph:form.cv21420,conjverb,conjugated verb: 3rd dual perfect optative active
urn:cite:morph:form.cv21421,conjverb,conjugated verb: 3rd dual perfect optative middle
urn:cite:morph:form.cv21422,conjverb,conjugated verb: 3rd dual perfect optative passive
urn:cite:morph:form.cv21430,conjverb,conjugated verb: 3rd dual perfect imperative active
urn:cite:morph:form.cv21431,conjverb,conjugated verb: 3rd dual perfect imperative middle
urn:cite:morph:form.cv21432,conjverb,conjugated verb: 3rd dual perfect imperative passive
urn:cite:morph:form.cv21500,conjverb,conjugated verb: 3rd dual pluperfect indicative active
urn:cite:morph:form.cv21501,conjverb,conjugated verb: 3rd dual pluperfect indicative middle
urn:cite:morph:form.cv21502,conjverb,conjugated verb: 3rd dual pluperfect indicative passive
urn:cite:morph:form.cv21510,conjverb,conjugated verb: 3rd dual pluperfect subjunctive active
urn:cite:morph:form.cv21511,conjverb,conjugated verb: 3rd dual pluperfect subjunctive middle
urn:cite:morph:form.cv21512,conjverb,conjugated verb: 3rd dual pluperfect subjunctive passive
urn:cite:morph:form.cv21520,conjverb,conjugated verb: 3rd dual pluperfect optative active
urn:cite:morph:form.cv21521,conjverb,conjugated verb: 3rd dual pluperfect optative middle
urn:cite:morph:form.cv21522,conjverb,conjugated verb: 3rd dual pluperfect optative passive
urn:cite:morph:form.cv21530,conjverb,conjugated verb: 3rd dual pluperfect imperative active
urn:cite:morph:form.cv21531,conjverb,conjugated verb: 3rd dual pluperfect imperative middle
urn:cite:morph:form.cv21532,conjverb,conjugated verb: 3rd dual pluperfect imperative passive
urn:cite:morph:form.cv22000,conjverb,conjugated verb: 3rd plural present indicative active
urn:cite:morph:form.cv22001,conjverb,conjugated verb: 3rd plural present indicative middle
urn:cite:morph:form.cv22002,conjverb,conjugated verb: 3rd plural present indicative passive
urn:cite:morph:form.cv22010,conjverb,conjugated verb: 3rd plural present subjunctive active
urn:cite:morph:form.cv22011,conjverb,conjugated verb: 3rd plural present subjunctive middle
urn:cite:morph:form.cv22012,conjverb,conjugated verb: 3rd plural present subjunctive passive
urn:cite:morph:form.cv22020,conjverb,conjugated verb: 3rd plural present optative active
urn:cite:morph:form.cv22021,conjverb,conjugated verb: 3rd plural present optative middle
urn:cite:morph:form.cv22022,conjverb,conjugated verb: 3rd plural present optative passive
urn:cite:morph:form.cv22030,conjverb,conjugated verb: 3rd plural present imperative active
urn:cite:morph:form.cv22031,conjverb,conjugated verb: 3rd plural present imperative middle
urn:cite:morph:form.cv22032,conjverb,conjugated verb: 3rd plural present imperative passive
urn:cite:morph:form.cv22100,conjverb,conjugated verb: 3rd plural imperfect indicative active
urn:cite:morph:form.cv22101,conjverb,conjugated verb: 3rd plural imperfect indicative middle
urn:cite:morph:form.cv22102,conjverb,conjugated verb: 3rd plural imperfect indicative passive
urn:cite:morph:form.cv22110,conjverb,conjugated verb: 3rd plural imperfect subjunctive active
urn:cite:morph:form.cv22111,conjverb,conjugated verb: 3rd plural imperfect subjunctive middle
urn:cite:morph:form.cv22112,conjverb,conjugated verb: 3rd plural imperfect subjunctive passive
urn:cite:morph:form.cv22120,conjverb,conjugated verb: 3rd plural imperfect optative active
urn:cite:morph:form.cv22121,conjverb,conjugated verb: 3rd plural imperfect optative middle
urn:cite:morph:form.cv22122,conjverb,conjugated verb: 3rd plural imperfect optative passive
urn:cite:morph:form.cv22130,conjverb,conjugated verb: 3rd plural imperfect imperative active
urn:cite:morph:form.cv22131,conjverb,conjugated verb: 3rd plural imperfect imperative middle
urn:cite:morph:form.cv22132,conjverb,conjugated verb: 3rd plural imperfect imperative passive
urn:cite:morph:form.cv22200,conjverb,conjugated verb: 3rd plural future indicative active
urn:cite:morph:form.cv22201,conjverb,conjugated verb: 3rd plural future indicative middle
urn:cite:morph:form.cv22202,conjverb,conjugated verb: 3rd plural future indicative passive
urn:cite:morph:form.cv22210,conjverb,conjugated verb: 3rd plural future subjunctive active
urn:cite:morph:form.cv22211,conjverb,conjugated verb: 3rd plural future subjunctive middle
urn:cite:morph:form.cv22212,conjverb,conjugated verb: 3rd plural future subjunctive passive
urn:cite:morph:form.cv22220,conjverb,conjugated verb: 3rd plural future optative active
urn:cite:morph:form.cv22221,conjverb,conjugated verb: 3rd plural future optative middle
urn:cite:morph:form.cv22222,conjverb,conjugated verb: 3rd plural future optative passive
urn:cite:morph:form.cv22230,conjverb,conjugated verb: 3rd plural future imperative active
urn:cite:morph:form.cv22231,conjverb,conjugated verb: 3rd plural future imperative middle
urn:cite:morph:form.cv22232,conjverb,conjugated verb: 3rd plural future imperative passive
urn:cite:morph:form.cv22300,conjverb,conjugated verb: 3rd plural aorist indicative active
urn:cite:morph:form.cv22301,conjverb,conjugated verb: 3rd plural aorist indicative middle
urn:cite:morph:form.cv22302,conjverb,conjugated verb: 3rd plural aorist indicative passive
urn:cite:morph:form.cv22310,conjverb,conjugated verb: 3rd plural aorist subjunctive active
urn:cite:morph:form.cv22311,conjverb,conjugated verb: 3rd plural aorist subjunctive middle
urn:cite:morph:form.cv22312,conjverb,conjugated verb: 3rd plural aorist subjunctive passive
urn:cite:morph:form.cv22320,conjverb,conjugated verb: 3rd plural aorist optative active
urn:cite:morph:form.cv22321,conjverb,conjugated verb: 3rd plural aorist optative middle
urn:cite:morph:form.cv22322,conjverb,conjugated verb: 3rd plural aorist optative passive
urn:cite:morph:form.cv22330,conjverb,conjugated verb: 3rd plural aorist imperative active
urn:cite:morph:form.cv22331,conjverb,conjugated verb: 3rd plural aorist imperative middle
urn:cite:morph:form.cv22332,conjverb,conjugated verb: 3rd plural aorist imperative passive
urn:cite:morph:form.cv22400,conjverb,conjugated verb: 3rd plural perfect indicative active
urn:cite:morph:form.cv22401,conjverb,conjugated verb: 3rd plural perfect indicative middle
urn:cite:morph:form.cv22402,conjverb,conjugated verb: 3rd plural perfect indicative passive
urn:cite:morph:form.cv22410,conjverb,conjugated verb: 3rd plural perfect subjunctive active
urn:cite:morph:form.cv22411,conjverb,conjugated verb: 3rd plural perfect subjunctive middle
urn:cite:morph:form.cv22412,conjverb,conjugated verb: 3rd plural perfect subjunctive passive
urn:cite:morph:form.cv22420,conjverb,conjugated verb: 3rd plural perfect optative active
urn:cite:morph:form.cv22421,conjverb,conjugated verb: 3rd plural perfect optative middle
urn:cite:morph:form.cv22422,conjverb,conjugated verb: 3rd plural perfect optative passive
urn:cite:morph:form.cv22430,conjverb,conjugated verb: 3rd plural perfect imperative active
urn:cite:morph:form.cv22431,conjverb,conjugated verb: 3rd plural perfect imperative middle
urn:cite:morph:form.cv22432,conjverb,conjugated verb: 3rd plural perfect imperative passive
urn:cite:morph:form.cv22500,conjverb,conjugated verb: 3rd plural pluperfect indicative active
urn:cite:morph:form.cv22501,conjverb,conjugated verb: 3rd plural pluperfect indicative middle
urn:cite:morph:form.cv22502,conjverb,conjugated verb: 3rd plural pluperfect indicative passive
urn:cite:morph:form.cv22510,conjverb,conjugated verb: 3rd plural pluperfect subjunctive active
urn:cite:morph:form.cv22511,conjverb,conjugated verb: 3rd plural pluperfect subjunctive middle
urn:cite:morph:form.cv22512,conjverb,conjugated verb: 3rd plural pluperfect subjunctive passive
urn:cite:morph:form.cv22520,conjverb,conjugated verb: 3rd plural pluperfect optative active
urn:cite:morph:form.cv22521,conjverb,conjugated verb: 3rd plural pluperfect optative middle
urn:cite:morph:form.cv22522,conjverb,conjugated verb: 3rd plural pluperfect optative passive
urn:cite:morph:form.cv22530,conjverb,conjugated verb: 3rd plural pluperfect imperative active
urn:cite:morph:form.cv22531,conjverb,conjugated verb: 3rd plural pluperfect imperative middle
urn:cite:morph:form.cv22532,conjverb,conjugated verb: 3rd plural pluperfect imperative passive
